taxa_prenhez,margem_bruta_media,roi_medio,dias_abertos_medio,receita_total,custo_total,n_animais
0.6686538461538462,-211.3397288461538,95.26793129616856,153.81653846153847,8134815,9233781.59,5200
